id,,,
wm0l51,,,
wlhnst,,,
wkp1ub,,,
wjiflu,,,
wji0mb,,,
wj9mdc,,,
wh53a4,,,
wgwjem,,,
wg6e2s,,,
wdzx2b,,,
wcbu26,,,
wa2xv5,,,
w9topy,,,
w9l92e,,,
w6b1b2,,,
w4tpyj,,,
w4dsi8,,,
w3vnb7,,,
vyqriu,,,
vy7qx7,,,
vvup2y,,,
vvl1f1,,,
vv878s,,,
vv37au,,,
vum7hc,,,
vr0zxm,,,
vqya6v,,,
vqxqfz,,,
vpexye,,,
vn98vg,,,
vifowx,,,
vgt7vp,,,
vfqd7i,,,
vdyso3,,,
v7ewcc,,,
v6swg8,,,
v2pp4y,,,
v2opws,,,
v2iknk,,,
uydl6z,,,
uybnrp,,,
uu2ua6,,,
ut40qp,,,
ut2wek,,,
unkyvd,,,
ungd06,,,
uls8wk,,,
ulrrkf,,,
ujpd04,,,
uhkqzj,,,
ugume0,,,
ugbyrf,,,
ueu4ba,,,
uefpbi,,,
ued1q9,,,
udfjbc,,,
ub5dj2,,,
ua641e,,,
u9h2un,,,
u8nm7u,,,
u85qj8,,,
u83wh9,,,
u7lajr,,,
u4la2z,,,
u320dz,,,
u0rlm5,,,
u0bsxn,,,
u05eq5,,,
tyztwu,,,
txsrl4,,,
tx6odx,,,
twjggg,,,
tw9593,,,
tw7xj6,,,
ttzmuh,,,
tq6hxv,,,
t3k7lp,,,
t23yzx,,,
szvqhf,,,
susakf,,,
sscct3,,,
sq2iok,,,
sp7sh8,,,
sog8pq,,,
sntkc5,,,
slb7q3,,,
skraqi,,,
skldru,,,
skj92o,,,
siruyq,,,
sipv0p,,,
sg142q,,,
seiby4,,,
segedm,,,
sdf7fu,,,
sccp7s,,,
sc22k0,,,
sbxqm4,,,
sbmqc2,,,
sblv4c,,,
sb39eu,,,
sa1glu,,,
s3n24t,,,
s0ub7z,,,
s0kdiw,,,
rxjzld,,,
rxdqmj,,,
rx8ec3,,,
rwpsry,,,
rw9elr,,,
rvp513,,,
rvkux3,,,
rvf97r,,,
rudhar,,,
rtsy1p,,,
rp1759,,,
ro6lnq,,,
rmel4z,,,
rkxdoj,,,
rkwvcv,,,
rk3av2,,,
rhtc3a,,,
rh87uu,,,
rewpvt,,,
rd76jo,,,
rbu0mi,,,
rax8y9,,,
raenv2,,,
r9usdc,,,
r8da8n,,,
r80537,,,
r77kyf,,,
r6mrz6,,,
r52fde,,,
r45pse,,,
qzy2vm,,,
qxgeu3,,,
qxc6x5,,,
qwoi32,,,
qvxdta,,,
qvsbas,,,
qusamp,,,
qt7pto,,,
qs9nvg,,,
qrilli,,,
qqxpw0,,,
qqvo1f,,,
qq9ink,,,
qq504o,,,
qpr3ay,,,
qpo1zv,,,
qpez94,,,
qp0zzc,,,
qouu2c,,,
qoruz9,,,
qoltgj,,,
qoeypz,,,
qnz4ip,,,
qngvzl,,,
qndfs0,,,
qmqsck,,,
qluii6,,,
ql1n66,,,
qkydxm,,,
qkttd2,,,
qkr601,,,
qkmf5s,,,
qkkr7g,,,
qkk7r6,,,
qkhjbx,,,
qk9pp3,,,
qjidhn,,,
qjho54,,,
qj2ie0,,,
qj1c6a,,,
qim2nt,,,
qia7kk,,,
qhjsuk,,,
qh5mg1,,,
qg3efi,,,
qg2le8,,,
qfzd78,,,
qfnqbl,,,
qfl4h1,,,
qe6b34,,,
qdxtg8,,,
qcwp8l,,,
qcvxt5,,,
qcvjn7,,,
qcui1c,,,
qbgoxg,,,
qanjjh,,,
q4kreh,,,
q3q6gi,,,
q18sn4,,,
q0jrmj,,,
pzj1sg,,,
pzflol,,,
pzeiwv,,,
pzedz2,,,
pu8o7n,,,
pttwfc,,,
ppslql,,,
pp1u82,,,
pmf8k7,,,
plyhmh,,,
plf5sr,,,
on1vor,,,
okvsfs,,,
ojhcs2,,,
ogohnu,,,
of02fk,,,
od6j7r,,,
ob34lz,,,
oabbng,,,
o992ye,,,
o85c2g,,,
o7t5vj,,,
o7btw1,,,
o20ahp,,,
o1xh7c,,,
ny7b57,,,
nxhgva,,,
nqd906,,,
no80wn,,,
nnut46,,,
nnalwu,,,
nn1rhr,,,
nmo0pj,,,
nmnhwq,,,
nmm7d8,,,
nlzqjj,,,
nlyg4y,,,
ngs65n,,,
ng9t4e,,,
ng51pb,,,
nej3ql,,,
ne0cgi,,,
ncots9,,,
nc3aph,,,
nbqiny,,,
nbqgxl,,,
nbjf6v,,,
nbhbvs,,,
nb7qis,,,
nb6qn3,,,
nawmmu,,,
n9sqhn,,,
n9jn77,,,
n6mrfp,,,
n63z75,,,
n5jgyn,,,
n5eptx,,,
n4uora,,,
n4lpxu,,,
n44ch4,,,
n3l7cf,,,
n1jivi,,,
n0aqeg,,,
mzzpwp,,,
mzp4pu,,,
mzdsrt,,,
myyk3j,,,
myqmis,,,
mxi6nw,,,
mvup6l,,,
mumvtu,,,
mub1gw,,,
mub0ao,,,
mu4q9a,,,
mu0w23,,,
mtzd47,,,
mtz9ie,,,
mtshp1,,,
mr44c6,,,
mr3tx5,,,
mqtsn7,,,
mqrxg2,,,
mmy2hx,,,
mmso1o,,,
mmgui1,,,
ml0qeu,,,
mksaa9,,,
mkc2o9,,,
mijudh,,,
mi6225,,,
mi06jm,,,
mhf7kf,,,
mh0gj5,,,
mgylrf,,,
mgmjdy,,,
mgeclw,,,
mgaksk,,,
mg2m4r,,,
mfjl5o,,,
mfcjk0,,,
m6k8bk,,,
m6ertr,,,
m6bhh6,,,
m5lf73,,,
m4w9c1,,,
m4qmoc,,,
m3vxxh,,,
m3r75j,,,
m32vel,,,
m2w4bl,,,
m2vbm5,,,
m2p67g,,,
m1lxua,,,
m1libd,,,
m1fjn7,,,
m1d4tz,,,
m192f1,,,
m18cvk,,,
m16sd7,,,
m1453s,,,
m13b87,,,
m11skg,,,
m11pu8,,,
m0yz64,,,
m0m5zk,,,
m0kq8r,,,
m0iwi5,,,
m0inp1,,,
m03fdk,,,
ly9gtf,,,
lxpug4,,,
lxlsuy,,,
lxjbvb,,,
lxe57u,,,
lx9kyp,,,
lx0iyl,,,
lwycm2,,,
lwx9wp,,,
lwt03e,,,
lwqn1h,,,
ltdbto,,,
lt24mq,,,
lsjxi6,,,
lsf7v7,,,
lse0nd,,,
ls6vrr,,,
lrgu33,,,
lqyrey,,,
lqlchx,,,
lqkszb,,,
lqjmrl,,,
lq6r41,,,
lq49cy,,,
lq2sz2,,,
lpzsh1,,,
lpvz09,,,
lnlfu6,,,
lnd82k,,,
lmpd7u,,,
llqo7z,,,
lleqtx,,,
lkt3hp,,,
lk4r9f,,,
liyybb,,,
ligc2g,,,
lhgvli,,,
lgxby8,,,
lg82m0,,,
lfpryi,,,
lbkis6,,,
lagwjv,,,
lacd2a,,,
l9kjdq,,,
l8nyyz,,,
l708tp,,,
ky9hmz,,,
kxp4cj,,,
kxhwyf,,,
kx271x,,,
kpcjrh,,,
kej7s0,,,
ke65su,,,
ka9jhe,,,
jo29gw,,,
jnko8g,,,
jlndsx,,,
jlnbxq,,,
jln9my,,,
jjniuw,,,
jienot,,,
jhd3ag,,,
jgpxgf,,,
jg0gcv,,,
jg0fx4,,,
jeoqhx,,,
je0uoa,,,
je0tko,,,
jcz98n,,,
jc8wm2,,,
jbmwi6,,,
jb09u9,,,
j9qbbg,,,
j8m5mp,,,
j7y44l,,,
j7cbw3,,,
j70uwc,,,
j70t8w,,,
j6zko2,,,
j6jc3k,,,
j6j1zk,,,
j64bkc,,,
j5isf8,,,
j5as55,,,
j46p55,,,
wn7zqq,,,
wj7w9i,,,
wdkbdq,,,
w7dq7y,,,
w46p92,,,
vu9i9p,,,
v4hyoq,,,
ux9v68,,,
uvawsv,,,
ukfnm6,,,
uil4qu,,,
ufzgka,,,
uerc5l,,,
udovm0,,,
uchmap,,,
u9mfdj,,,
u86r3i,,,
u6k460,,,
u6jkmw,,,
tz22fz,,,
tytqe4,,,
tmxy20,,,
tjrzl6,,,
thmc4t,,,
tg6nc9,,,
te9zf4,,,
tanq5l,,,
t6ysst,,,
t6naoy,,,
t3hkm6,,,
t0zwhw,,,
t0qeyu,,,
t0q9r4,,,
t0pqky,,,
t0nbly,,,
t00bix,,,
szuxlj,,,
syuw7k,,,
su1ysz,,,
sseuxo,,,
ss98s5,,,
spy5w5,,,
spfdus,,,
snhs9f,,,
sltvwk,,,
sl7s2p,,,
skog2x,,,
sjnmrx,,,
sjjknp,,,
siwigk,,,
sh5b2b,,,
sga970,,,
sfvhwh,,,
sfjm55,,,
sfecjj,,,
sf6oba,,,
sepkqj,,,
sefxz1,,,
se6v68,,,
se2942,,,
se0wqv,,,
scj8eg,,,
scb1m3,,,
sb9kg5,,,
s93cob,,,
s838g2,,,
s2kcol,,,
s1o7xy,,,
rzmq7z,,,
rz9aqu,,,
rw0qru,,,
rtcxlm,,,
rp5hzk,,,
rky2de,,,
rjcuj2,,,
rf1ajl,,,
rewtrz,,,
rerlek,,,
rd6tqk,,,
ran4vd,,,
r5tuzj,,,
r45oz3,,,
r0p7q3,,,
qxk9h6,,,
qwx7mi,,,
qwhk0g,,,
qtzrnu,,,
qtwlpy,,,
qtbi9l,,,
qt7mdk,,,
qsn7ve,,,
qqud6m,,,
qqrbf5,,,
qoyr3f,,,
qoxp4b,,,
qouxcd,,,
qoamcb,,,
qnx3tr,,,
qnx19y,,,
qnr4wi,,,
qkgk22,,,
qjxtjs,,,
qjwkmj,,,
qjmbwb,,,
qj1tms,,,
qilv2t,,,
qie8o7,,,
qhymzq,,,
qhjnzx,,,
qgqdk8,,,
qfrsz7,,,
qdvcjd,,,
qdqiso,,,
qdhu7u,,,
qc4mkm,,,
qc2kco,,,
qbured,,,
q9e9oj,,,
q6tmxc,,,
q1jm7s,,,
q15l85,,,
q0phlw,,,
pz0zy6,,,
pyr5lm,,,
pxhkbb,,,
pwl4wv,,,
pwh04v,,,
pusuwz,,,
pru6gl,,,
po8rsr,,,
pnsoet,,,
pl4g3z,,,
pku6cr,,,
pjd7gk,,,
pivtkd,,,
pibpgz,,,
pe2hn5,,,
pa7rhv,,,
pa3cmq,,,
p9oajp,,,
p8e38u,,,
p875tl,,,
p6lhzg,,,
p47akl,,,
p3wu5q,,,
p0lfzr,,,
ovqpf2,,,
os32uo,,,
os0jvz,,,
on2wdp,,,
oms15h,,,
oijy60,,,
oieqre,,,
oid9k4,,,
oegse8,,,
oegmy8,,,
oaptnw,,,
oa3h73,,,
o289ka,,,
o0v2hs,,,
nywr20,,,
nvfk7f,,,
nsycod,,,
nmiajg,,,
nh61x4,,,
nfq650,,,
nfd9ya,,,
neqe11,,,
nekrpv,,,
nehl45,,,
ncs7zs,,,
ncbku9,,,
nb7aa5,,,
nab2bv,,,
n7lth2,,,
n7edb7,,,
n55zxc,,,
n3uc0o,,,
n0ccrt,,,
mze6ic,,,
mzdmuc,,,
mnpneu,,,
miw3r8,,,
miszdb,,,
mg5mv9,,,
m5yh99,,,
m2pa0y,,,
m1ln5u,,,
lxzqu7,,,
lw7497,,,
lr6tqb,,,
ljxr88,,,
li925u,,,
lhnfhz,,,
lh692u,,,
lg5ka8,,,
lg2byn,,,
lcieo2,,,
lc92k2,,,
lc26i6,,,
laqops,,,
la2pgs,,,
l9y3ea,,,
l67jfe,,,
l4q2gi,,,
l2cek4,,,
l0zpgd,,,
kzyka9,,,
ku4uo1,,,
ku01xq,,,
ktomfw,,,
ktihrk,,,
kt0ki1,,,
ksfmlg,,,
kods88,,,
ko448e,,,
knm30p,,,
klmgaw,,,
kl4nf0,,,
kknz3g,,,
kkgpuj,,,
kjmnjx,,,
kiumqp,,,
kiaxq3,,,
khsn2u,,,
khkxzw,,,
khgeou,,,
kg9mvs,,,
keh8ba,,,
kee0om,,,
kc2gs2,,,
kb69g0,,,
kalwl9,,,
ka5jib,,,
k96vz0,,,
k8ev8s,,,
k8bvrj,,,
k735w0,,,
k6dx29,,,
k6dppf,,,
k5zz20,,,
k5zwel,,,
k5l92u,,,
k5ikkr,,,
k51hzz,,,
k2xkqo,,,
k2kl23,,,
k27ive,,,
k1ojmv,,,
k1bs7i,,,
k10v6j,,,
k0e4tp,,,
jwc3mh,,,
jvpu71,,,
jthqud,,,
jqun0f,,,
jqkev9,,,
jmvdk4,,,
jge55g,,,
jg0f09,,,
jdw13o,,,
jdhqck,,,
jcrzje,,,
j7df5b,,,
j65hz2,,,
j5emax,,,
j50r7c,,,
j4lcko,,,
j477vd,,,
j3tnj4,,,
j1v66b,,,
j19jqu,,,
j16n0m,,,
j0zr6s,,,
j0a2de,,,
j085pv,,,
j02dqs,,,
j01k4b,,,
iz7p0f,,,
iz7l4d,,,
iz0va9,,,
iyhufz,,,
iyceyo,,,
iy4elp,,,
iy31jr,,,
ixzlud,,,
ixtg0n,,,
ixcwk4,,,
iwjjz0,,,
iw43om,,,
ivsbfe,,,
ivn31o,,,
ivk387,,,
iu1fd9,,,
itrjmi,,,
isxil8,,,
iqo7ii,,,
ip001u,,,
ioy0m0,,,
inn4bm,,,
ina17x,,,
in3yp7,,,
in2ocz,,,
imwj3t,,,
ilagw4,,,
ikzpxa,,,
ikiv5q,,,
ikbh0y,,,
ik99m0,,,
iio7zh,,,
iidphr,,,
ih6112,,,
igbis1,,,
ig5erc,,,
ifkle4,,,
ifi9b6,,,
iffwke,,,
if7qsm,,,
if0vvp,,,
ie5n7l,,,
ie07p0,,,
idx7ks,,,
idrjsv,,,
idgmb5,,,
idg0wf,,,
ida4d8,,,
icullt,,,
icny3f,,,
ic36qd,,,
ic0skb,,,
ibzskm,,,
ibuvmh,,,
ibnnbs,,,
i93tzt,,,
i92g63,,,
i91tiy,,,
i8mne0,,,
i8h39i,,,
i81n3r,,,
i7ryrn,,,
i77smj,,,
i730bf,,,
i6q47v,,,
i6iph8,,,
i670pa,,,
i615cl,,,
i5uti4,,,
i33jux,,,
i2u277,,,
i0wz1w,,,
hzyy1x,,,
hzyond,,,
hzxhiz,,,
hzv6xg,,,
hze82u,,,
hxkvis,,,
hxguzb,,,
hw0tog,,,
hv1tmj,,,
hujqxv,,,
htl6jt,,,
hswr7v,,,
hsrqqh,,,
hso8ne,,,
hsmd3o,,,
hrxkm5,,,
hrwwzh,,,
hrqoo0,,,
hr92yg,,,
hr0awx,,,
hqdmof,,,
hpfrx3,,,
hp6czv,,,
hp1vjb,,,
hox02f,,,
hnicmp,,,
hngif2,,,
hmx918,,,
hjyu3p,,,
hjszrx,,,
hjlcp8,,,
hjendq,,,
hivup0,,,
hi8uar,,,
hhxvu0,,,
hhrs77,,,
hg1dy5,,,
hfnvad,,,
hfewh0,,,
hc8v9p,,,
haqtq7,,,
h9uf2d,,,
h7pllm,,,
gz6q3j,,,
gz4r1k,,,
gypdbl,,,
guixqe,,,
gsb2mu,,,
gsapoe,,,
grxpee,,,
grqhpr,,,
grcxbi,,,
gq271w,,,
gma56r,,,
glt3q3,,,
glbapg,,,
gl5n1x,,,
gkv3f1,,,
gksbmc,,,
gir9ni,,,
gioaa8,,,
ghkvw1,,,
gfri88,,,
gebg2p,,,
gdbh0s,,,
gcelwb,,,
gc2uzb,,,
gbw1ar,,,
gbs6i0,,,
gb3ruc,,,
gazgsk,,,
gawtce,,,
ganto6,,,
g7if14,,,
g2puuu,,,
g2j08w,,,
g0te7v,,,
fzqwjw,,,
fyz6fs,,,
fynwlo,,,
fymz3i,,,
fu570f,,,
fu44a9,,,
fsi0wu,,,
fru952,,,
fqlp58,,,
fpmmw0,,,
fosfg9,,,
fmn10n,,,
fls7u2,,,
flj07r,,,
fli0pn,,,
fk5kut,,,
fjpxeu,,,
fjeu3q,,,
fj968q,,,
fizzqs,,,
fhwh3m,,,
fgiyw1,,,
feqvmn,,,
fecfm5,,,
feb48v,,,
fe2nqu,,,
fdyixm,,,
fdg1rb,,,
fcb8yr,,,
fbhas6,,,
fajns2,,,
f9xokl,,,
f9alxz,,,
f8svfi,,,
f8s08r,,,
f86535,,,
f7yw0o,,,
f7xrrt,,,
f7j24s,,,
f6y91l,,,
f6jvup,,,
f5xo2h,,,
f5gic9,,,
f4uah1,,,
f4o34e,,,
f42iyb,,,
f3r5gg,,,
f39dtm,,,
f3958a,,,
f3258p,,,
f2kb8e,,,
f2hnkx,,,
f22obd,,,
f1xarm,,,
f1izxz,,,
f1io1a,,,
f1azn1,,,
f0q1pi,,,
f0iq2l,,,
f0bnew,,,
ezrq4y,,,
ezpbq6,,,
eznblm,,,
ezilh6,,,
eyzi39,,,
eyy9r0,,,
eyxmtu,,,
eys624,,,
eyp6fx,,,
eym866,,,
eyiz57,,,
eyaz6b,,,
ey88fk,,,
ey2c52,,,
exwf5w,,,
exlwqw,,,
exfsxq,,,
ex9ix8,,,
ewkaky,,,
ewg3m5,,,
ewd56u,,,
ew4e50,,,
evzjry,,,
evzgwm,,,
evweib,,,
evvypm,,,
evsttr,,,
evp9v6,,,
ev5um5,,,
ev380i,,,
eutsfw,,,
eupo1v,,,
eukrpg,,,
etnevg,,,
etk570,,,
et2jkd,,,
espyaj,,,
esd5yq,,,
esblbt,,,
ersfjk,,,
eqzxxt,,,
eqdudi,,,
eq5k5f,,,
epcke4,,,
eotddj,,,
eofk8n,,,
eoaiw6,,,
eo9htr,,,
enk3nk,,,
en6tej,,,
em2xka,,,
em2plo,,,
em1q0d,,,
elwacu,,,
elleng,,,
ell4dj,,,
el88gh,,,
el4sdl,,,
ektvjj,,,
ekmypr,,,
ekel02,,,
ejpsxz,,,
ejlqhm,,,
ei8422,,,
ei2mz7,,,
ei1b2m,,,
ehgjpx,,,
ehf2ix,,,
efnqpw,,,
efekha,,,
efejie,,,
ef70h6,,,
eepc7s,,,
ee387r,,,
edrz0e,,,
ednejw,,,
edev2f,,,
eda4qo,,,
eckuli,,,
echngc,,,
ec78b4,,,
ec13ve,,,
ealqnz,,,
eagf79,,,
eabmtm,,,
ea100u,,,
e8dggw,,,
e7r6rn,,,
e6zaf2,,,
e2mwgi,,,
e1qyv6,,,
e090s9,,,
e027gr,,,
e01xpt,,,
e008yv,,,
dz1yxv,,,
dyt8kl,,,
dyaluq,,,
dw42mx,,,
dvym9t,,,
dtkyet,,,
dsilp9,,,
ds9wvl,,,
drcxow,,,
dqdinw,,,
dp9yk7,,,
dn29ja,,,
dmjr75,,,
dmcund,,,
dm13w2,,,
djp3jf,,,
dijqim,,,
dgk8r4,,,
dg6ayh,,,
dep4ek,,,
de8qs5,,,
dbhdf7,,,
dazja4,,,
d9sskv,,,
d8pxmy,,,
d1m99q,,,
cxfei9,,,
cupksn,,,
ctegzr,,,
cq5y99,,,
co81sk,,,
cn14uo,,,
cjf6pu,,,
cj67bp,,,
chz670,,,
chd23i,,,
cgxzhu,,,
cgxg3d,,,
cgvd9u,,,
cgsx02,,,
cggx4k,,,
cfcz10,,,
ces8n7,,,
ce05ju,,,
cdwh1p,,,
cct4mg,,,
ccbc4n,,,
c8upkw,,,
c6wqqe,,,
c5x58r,,,
c5er3x,,,
c2qiaj,,,
c1ehvf,,,
bzdwj8,,,
bxopkv,,,
bwr4kg,,,
bvr5x1,,,
buu2zl,,,
bttcyp,,,
bswsx4,,,
brv5q8,,,
brq1rc,,,
br2ewm,,,
br0pun,,,
bpx6so,,,
bpkx1y,,,
bonreq,,,
boj6ts,,,
bnjrlf,,,
bmkefz,,,
bkd00t,,,
bk39ef,,,
bjimaj,,,
bix97g,,,
bidh95,,,
bhndse,,,
bh8897,,,
bh2zf3,,,
bgzfyv,,,
bgaz6u,,,
bdivd2,,,
bcl72s,,,
bariz9,,,
b9b5mk,,,
b8tc3g,,,
b4r147,,,
b2lc4m,,,
b1wzjf,,,
b0st3k,,,
ay8zhu,,,
ax52ci,,,
aw8ryv,,,
avlgqp,,,
apx2hd,,,
an3882,,,
alaww3,,,
al0x2m,,,
ain734,,,
aikbp1,,,
a9yvt9,,,
a7cakk,,,
a3z5dv,,,
a17my6,,,
9zrnbg,,,
9xqiir,,,
9xgk3o,,,
9xbk3g,,,
9x3g8d,,,
9x1htr,,,
9tnjud,,,
9tj50b,,,
9s6fd3,,,
9rsxml,,,
9r93jr,,,
9r8gtx,,,
9r7rur,,,
9r255k,,,
9qwivn,,,
9qp2rk,,,
9qnszd,,,
9qjqfs,,,
9qh44p,,,
9pmn4b,,,
9o1hn7,,,
9ngsjd,,,
9n0nxi,,,
9mrcdv,,,
9lxb5p,,,
9lpbd6,,,
9l28ze,,,
9kqa8o,,,
9k4q68,,,
9gddm5,,,
9g87in,,,
9dvgon,,,
9bosmq,,,
9abdom,,,
99lovp,,,
98xsmx,,,
98p7p8,,,
98obea,,,
98o9ph,,,
98o1n6,,,
98je1q,,,
98gzyz,,,
985o3j,,,
wmyb6y,,,
wbhlsw,,,
w7fu99,,,
w5kdsg,,,
w0691f,,,
vjxhbs,,,
vhcrpb,,,
vc7wce,,,
v9oawr,,,
v71yvg,,,
uu4or4,,,
up90ps,,,
ujwgk7,,,
uewd3c,,,
u9ninf,,,
tzcmgo,,,
tuu0eh,,,
tq5wdh,,,
tp1k7p,,,
tnzane,,,
thfvkr,,,
tc260b,,,
t710zv,,,
swc8jl,,,
sr3l7b,,,
sqa1gr,,,
sn9mwh,,,
slwzd1,,,
slkptw,,,
sjagcn,,,
sidn81,,,
sf0qk8,,,
sf0n92,,,
sctyga,,,
sb3c75,,,
s5q9sk,,,
s54bpt,,,
s4u9qk,,,
s1eq7j,,,
s09fcj,,,
s01dm1,,,
rz4anh,,,
rypiwx,,,
ry0hpe,,,
rwu5vl,,,
rulwon,,,
rt7sv2,,,
rsvd60,,,
qxq9rv,,,
qpfevg,,,
qpd94j,,,
qoh704,,,
qnk0qg,,,
qncupg,,,
qke7io,,,
qk0dyn,,,
qjj706,,,
qim91s,,,
qhucli,,,
qh7x1b,,,
qgu5me,,,
qgnofa,,,
qf6ij5,,,
qci997,,,
qacvrv,,,
q9o727,,,
q5x9de,,,
q5m1lf,,,
q5avis,,,
pzgn4x,,,
pzaetx,,,
pyyutu,,,
puo4xk,,,
pugvwj,,,
pqhyvr,,,
pq7o2m,,,
pm7vnr,,,
plyshr,,,
pd5b8m,,,
pd3te6,,,
pd38cl,,,
pae0a8,,,
ozhbdb,,,
oywn9q,,,
orflvb,,,
or9ckh,,,
opaab0,,,
oo6a2f,,,
olvt4a,,,
olowww,,,
oh5s07,,,
oh59cy,,,
oevzk5,,,
ocjg1v,,,
oby7t5,,,
o9lcg3,,,
o7wco6,,,
o4ycwt,,,
o2azf0,,,
o0voe0,,,
nznf7w,,,
nxpek1,,,
nucx06,,,
nsi0lq,,,
nqm8sd,,,
nn6g6s,,,
nm7il1,,,
nl8uqd,,,
njps4h,,,
njp21l,,,
nhjjo1,,,
nhfm9i,,,
ngh1wt,,,
nfvey6,,,
nf0mwm,,,
nevhnt,,,
nenufk,,,
ncoouu,,,
navs56,,,
nagdyq,,,
na6mb0,,,
n7ps43,,,
n78zvt,,,
n4edgq,,,
n1ogcu,,,
mu1gx9,,,
mtjjh7,,,
mn9rzn,,,
mioz2k,,,
mi5yq6,,,
mi19f8,,,
mhwo5i,,,
mggtq9,,,
m3rgpy,,,
m1gbqr,,,
m0tqit,,,
losq8j,,,
lm9ry5,,,
lk4zr0,,,
ljju6l,,,
lj3d81,,,
lfnqy2,,,
l87ww7,,,
l85s1r,,,
j5awe7,,,
iqvivd,,,
f4c20i,,,
mk3jm1,,,
lqhiig,,,
lpblw9,,,
lnqf47,,,
mhd2el,,,
f62pie,,,
eywjmy,,,
beh08t,,,
umxbta,,,
s32gkb,,,
n9ipxt,,,
929zv8,,,
